<?xml version="1.0" encoding="utf-8"?>
<ShellsConfiguration 
xmlns:xsd="http://www.w3.org/2001/XMLSchema" 
xmlns:xsi="http://www.w3.org/2001/XMLSchema-instance" 
xmlns="http://schemas.qualisystems.com/ResourceManagement/ShellsConfigurationSchema.xsd">
<ResourceTemplates>
        <Description>The networking Shell template will create a resource of this type in CloudShell. Once the Switch is modeled correctly in CloudShell it will be possible to use it in Sandboxes and for connectivity.</Description>
        <AutoLoad Enable="true">
            <Description>Discovers the device structure and populate its attributes.</Description>
        </AutoLoad>
        <Attributes>
            <Attribute Name="SNMP Version" Value="" />
            <Attribute Name="SNMP Read Community" Value="" />
            <Attribute Name="SNMP Write Community" Value="" />
            <Attribute Name="SNMP V3 User" Value="" />
            <Attribute Name="SNMP V3 Password" Value="" />
            <Attribute Name="SNMP V3 Private Key" Value="" />
            <Attribute Name="CLI Connection Type" Value="Auto" />
            <Attribute Name="User" Value="" />
            <Attribute Name="Password" Value="" />
            <Attribute Name="Enable Password" Value="" />
            <Attribute Name="Console Server IP Address" Value="" />
            <Attribute Name="Console Port" Value="0" />
            <Attribute Name="Console User" Value="" />
			<Attribute Name="Console Password" Value="" />
			<Attribute Name="Backup Location" Value="" />
			<Attribute Name="Sessions Concurrency Limit" Value="1" />
			<Attribute Name="Power Management" Value="False" />
        </Attributes>
    </ResourceTemplate>
        <ResourceTemplate Name="Huaewi VRP Router" Model="Huaewi VRP Router" Driver="Generic Huaewi VRP Driver">
        <Description>The networking Shell template will create a resource of this type in CloudShell. Once the Router is modeled correctly in CloudShell it will be possible to use it in Sandboxes and for connectivity.</Description>
        <AutoLoad Enable="true">
            <Description>Discovers the device structure and populate its attributes.</Description>
        </AutoLoad>
        <Attributes>
            <Attribute Name="SNMP Version" Value="" />
            <Attribute Name="SNMP Read Community" Value="" />
            <Attribute Name="SNMP Write Community" Value="" />
            <Attribute Name="SNMP V3 User" Value="" />
            <Attribute Name="SNMP V3 Password" Value="" />
            <Attribute Name="SNMP V3 Private Key" Value="" />
            <Attribute Name="CLI Connection Type" Value="Auto" />
            <Attribute Name="User" Value="" />
            <Attribute Name="Password" Value="" />
            <Attribute Name="Enable Password" Value="" />
            <Attribute Name="Console Server IP Address" Value="" />
            <Attribute Name="Console Port" Value="0" />
            <Attribute Name="Console User" Value="" />
            <Attribute Name="Console Password" Value="" />
            <Attribute Name="Backup Location" Value="" />
            <Attribute Name="Sessions Concurrency Limit" Value="1" />
            <Attribute Name="Power Management" Value="False" />
        </Attributes>
    </ResourceTemplate>
</ResourceTemplates>
</ShellsConfiguration>