<?xml version="1.0" encoding="UTF-8" standalone="no"?>
<properties>

    <!-- The address of the Quali server on which to deploy, mandatory -->
    <serverRootAddress>localhost</serverRootAddress>

    <!-- The port of the Quali server on which to deploy, defaults to "8029" -->
    <port>8029</port>

    <!-- The server admin username, password and domain to use when deploying, defaults to "admin","admin" and "Global" -->
    <username>admin</username>
    <password>admin</password>
    <domain>Global</domain>

    <!-- Simple patterns to filter when sending the driver to the server separated by semicolons (e.g. "file.xml;logs/", also supports regular expressions),
         on top of the patterns specified here the plugin will automatically filter the "deployment/" and ".idea/" folders and the "deployment.xml" file -->
    <fileFilters>dont_upload_me.xml</fileFilters>

    <!-- The drivers to update, holds one or more drivers -->
    <drivers>
       <!-- runFromLocalProject - Decides whether to run the driver from the current project directory for debugging purposes, defaults to "false" -->
       <!-- waitForDebugger - When `runFromLocalProject` is enabled, decides whether to wait for a debugger to attach before running any Python driver code, defaults to "false" -->
       <!-- sourceRootFolder - The folder to refer to as the project source root (if specified, the folder will be zipped and deployed instead of the whole project), defaults to the root project folder -->
        <driver runFromLocalProject="true" waitForDebugger="true" sourceRootFolder="">
            <!-- A list of paths to the driver's files or folders relative to the project's root.
                 may be a path to a directory, in which case all the files and folders under the directory are added into the driver's zip file.
                 if the <sources> element is not specified, all the files under the project are added to the driver's zip file -->
            <sources>
                <source>huawei_vrp_resource_driver.py</source>

                <source>drivermetadata.xml</source>
                <source>requirements.txt</source>
            </sources>
            <!-- the driver name of the driver to update -->
            <targetName>Huawei VRP Driver</targetName>
        </driver>

    </drivers>


</properties>